config_id,strategy,symbols,avg_exposure,start,end,annualized_return,annualized_volatility,sharpe_ratio,sortino_ratio,max_drawdown,total_return
random_forest|all_features|0.60,model,5,0.24500487191081338,2020-01-02,2023-12-29,0.1745977960296607,0.12514049519697018,1.395214201085309,2.0005690579355377,-0.09222632688110644,1.0077315192248002
logistic_regression|zscore_features|0.65,model,5,0.007126400602496219,2020-01-02,2023-12-29,0.026945308633078095,0.02541197882135226,1.0603388591854745,0.4227152056931427,-0.020814885753859036,0.11356589349161594
logistic_regression|returns_only|0.50,model,5,0.8161914920654917,2020-01-02,2023-12-29,0.2898683737588126,0.279386475324722,1.0375175585071104,1.4728552016991252,-0.4070328064272727,2.180927918145896
xgboost|all_features|0.60,model,5,0.3355799001122056,2020-01-02,2023-12-29,0.1643470066673127,0.15999872888958977,1.0271769520164347,1.2903118068047341,-0.18851836263424704,0.9272298969393997
logistic_regression|all_features|0.65,model,5,0.04918728686483753,2020-01-02,2023-12-29,0.06899807220933825,0.06944432466746886,0.9935739535193485,0.8244710954554819,-0.05921703040162252,0.3171162466166795
logistic_regression|no_volume_features|0.50,model,5,0.7846969514001213,2020-01-02,2023-12-29,0.2676390847613354,0.27631248674832604,0.968610169996079,1.3227759291735095,-0.4204831595950811,1.9108124053734814
random_forest|no_volume_features|0.65,model,5,0.12657134188636007,2020-01-02,2023-12-29,0.09051460261341746,0.09388564114141694,0.9640942055993227,1.176191515740462,-0.09158239289533043,0.43525142165321973
logistic_regression|returns_plus_volatility|0.50,model,5,0.8080333771257902,2020-01-02,2023-12-29,0.26551122683178163,0.276463870415299,0.9603830924921056,1.3372595828885552,-0.42009007173999524,1.8861911028643905
random_forest|returns_plus_volatility|0.60,model,5,0.27743858717835856,2020-01-02,2023-12-29,0.13611063601144438,0.14333666154200134,0.9495870389834666,1.213905721642043,-0.12969674513065466,0.7217863042737749
logistic_regression|all_features|0.45,model,5,0.9057244079707271,2020-01-02,2023-12-29,0.28908609308811645,0.3063632882904831,0.9436055302227171,1.3205738180006774,-0.41590131571978395,2.171009648492893
random_forest|no_volume_features|0.60,model,5,0.2649216163515834,2020-01-02,2023-12-29,0.13044537086314437,0.1399303057873609,0.9322167212395726,1.1828363726029947,-0.17315477356406928,0.6832832517340266
logistic_regression|all_features|0.50,model,5,0.7479694535116327,2020-01-02,2023-12-29,0.2466025772517071,0.26504771234971003,0.9304082463701252,1.2759468251327688,-0.39008023717593054,1.6763479117912472
xgboost|all_features|0.65,model,5,0.22543637508439168,2020-01-02,2023-12-29,0.11479387858766782,0.1256080280406853,0.9139055869142798,1.0532186570774735,-0.13062288437293312,0.5813271326131353
logistic_regression|no_volume_features|0.70,model,5,0.011691561128595599,2020-01-02,2023-12-29,0.04580641856402575,0.050628596477957276,0.9047538693664754,0.6826836404672332,-0.02380522431781229,0.20064886471325094
random_forest|returns_plus_volatility|0.50,model,5,0.6431087434939331,2020-01-02,2023-12-29,0.22056343008431123,0.24757032823610847,0.8909122173718625,1.169899469625254,-0.3400219605742786,1.4121132172552397
logistic_regression|returns_plus_volatility|0.45,model,5,0.9355343266622324,2020-01-02,2023-12-29,0.28041532895037763,0.31788515748456264,0.8821277821503678,1.2324227820427742,-0.4849967589347215,2.0631254920485054
xgboost|all_features|0.70,model,5,0.132592052568945,2020-01-02,2023-12-29,0.0831792573873013,0.09508965674016748,0.874745584733665,0.9602442914398489,-0.10937783617113606,0.3938321228474069
random_forest|returns_plus_volatility|0.55,model,5,0.45580343518328964,2020-01-02,2023-12-29,0.17339490085510223,0.19996425457822362,0.8671294838211808,1.1095621196770877,-0.21957048434889892,0.9981134360481805
random_forest|returns_only|0.55,model,5,0.45342847951940274,2020-01-02,2023-12-29,0.17137887254951198,0.19789808133926529,0.8659956245644935,1.1359317409574419,-0.2632217083018157,0.9820969311052448
random_forest|returns_only|0.45,model,5,0.8161123268017084,2020-01-02,2023-12-29,0.2499720951207676,0.2922176699755208,0.8554311419350783,1.1620224965250587,-0.4141197228116026,1.7125915649657557
logistic_regression|returns_only|0.45,model,5,0.9500244011469026,2020-01-02,2023-12-29,0.2763158360827135,0.32391576992577964,0.8530484210325019,1.1770149043761773,-0.49234701254173285,2.0134040744804125
logistic_regression|no_volume_features|0.45,model,5,0.9309446472095182,2020-01-02,2023-12-29,0.2718968847417944,0.31882185701903687,0.852817580588772,1.1795553064371744,-0.49169497266742435,1.9607115476987005
gradient_boosting|all_features|0.45,model,5,0.7524311444603666,2020-01-02,2023-12-29,0.2202469247946116,0.25923651465137143,0.8495983873676356,1.133621586379584,-0.4361063446140331,1.409067414589786
xgboost|returns_plus_volatility|0.55,model,5,0.4797698260974547,2020-01-02,2023-12-29,0.1685042168897953,0.19834186420803576,0.8495645514002808,1.135715505659822,-0.24838515179971832,0.9594807849373148
gradient_boosting|all_features|0.40,model,5,0.8333437023472706,2020-01-02,2023-12-29,0.2407370086331319,0.28361829323665044,0.8488063512612055,1.1444899287210855,-0.47892704365973515,1.6144073142369901
random_forest|all_features|0.70,model,5,0.034941494202623595,2020-01-02,2023-12-29,0.04319621047536259,0.0510882200167815,0.845521931693323,0.5428349127902239,-0.07072908041012682,0.18820292047404985
logistic_regression|zscore_features|0.50,model,5,0.9012151588888813,2020-01-02,2023-12-29,0.2697233580451724,0.3200076385770163,0.842865374228428,1.1270765225107502,-0.4000590993693822,1.9351330093739518
random_forest|returns_plus_volatility|0.65,model,5,0.13885903873057864,2020-01-02,2023-12-29,0.08239021793667403,0.0982632728481084,0.8384640115135353,0.9427482030807263,-0.08985037749117442,0.3894486046346224
random_forest|all_features|0.45,model,5,0.8395704731360023,2020-01-02,2023-12-29,0.24873265845056955,0.29853450574945517,0.8331789245807257,1.1056763101058138,-0.4863135462169714,1.6992030562380056
random_forest|returns_plus_volatility|0.70,model,5,0.05542562661081628,2020-01-02,2023-12-29,0.04738053865600431,0.05798453146397171,0.8171237649034706,0.7758885211088519,-0.04323677830700845,0.20821748263602724
random_forest|returns_only|0.65,model,5,0.12538158639674318,2020-01-02,2023-12-29,0.08098746558406819,0.10030062756462363,0.8074472468468656,0.8866541464581117,-0.10638091371610725,0.38168960909192173
random_forest|returns_only|0.60,model,5,0.2601657585980815,2020-01-02,2023-12-29,0.1161873420003299,0.14410613153545035,0.8062623065538861,1.0281106497067372,-0.15466507886115055,0.5901482426217886
logistic_regression|returns_plus_volatility|0.65,model,5,0.03612890179666552,2020-01-02,2023-12-29,0.05893447771939487,0.07314179010179439,0.8057565673108816,0.5320932915929426,-0.0715023526634414,0.2652505640680296
random_forest|all_features|0.40,model,5,0.9280435429497269,2020-01-02,2023-12-29,0.25835170353574555,0.3257639593346444,0.7930641071020108,1.0449966985467882,-0.47246738526015974,1.8048677889438811
logistic_regression|returns_only|0.40,model,5,0.9849448024827723,2020-01-02,2023-12-29,0.2677935164026162,0.33808340088567534,0.7920930625433811,1.0798583506276715,-0.5184201544137724,1.9126074771659765
random_forest|no_volume_features|0.40,model,5,0.9067617634112525,2020-01-02,2023-12-29,0.251210450755734,0.31736008184587056,0.7915628496646819,1.0574439261192248,-0.4855171278062116,1.7260347185909959
gradient_boosting|no_volume_features|0.70,model,5,0.13556060106146717,2020-01-02,2023-12-29,0.08038450824282946,0.10167533652955893,0.7905998739375716,0.8218359020198376,-0.09836307462728311,0.3783678208723893
random_forest|no_volume_features|0.45,model,5,0.808718131476853,2020-01-02,2023-12-29,0.2278025880110052,0.2899016014239178,0.7857927893192065,1.0514904462367096,-0.4657729420767006,1.4828383333349575
xgboost|returns_plus_volatility|0.70,model,5,0.12205786625753715,2020-01-02,2023-12-29,0.07626103297557603,0.09709165104325959,0.7854540751562419,0.8251967029371509,-0.08272202949437857,0.35586399471995955
random_forest|all_features|0.55,model,5,0.45158735490311797,2020-01-02,2023-12-29,0.15171132183273128,0.19399025331065595,0.7820564138847781,1.0012282290873988,-0.3018423788597696,0.8324268378763608
logistic_regression|returns_plus_volatility|0.40,model,5,0.9726705382997778,2020-01-02,2023-12-29,0.25893168095493757,0.33134650444900127,0.7814528823399454,1.0770766145849793,-0.5055863223263803,1.811369441831768
logistic_regression|all_features|0.40,model,5,0.9623386227972232,2020-01-02,2023-12-29,0.2531633412550122,0.3277306778778752,0.7724737363444213,1.0509380036584826,-0.5114546774797328,1.7473701146156508
gradient_boosting|zscore_features|0.40,model,5,0.8550699824955151,2020-01-02,2023-12-29,0.23092463846397596,0.2997711750988856,0.7703363686912218,1.024661695448449,-0.4592559402763574,1.5139766411818472
xgboost|all_features|0.40,model,5,0.8297266003930822,2020-01-02,2023-12-29,0.22674667930256365,0.2964865297852492,0.764779025430938,0.99701984781809,-0.4703394879952756,1.4723945646506937
random_forest|returns_plus_volatility|0.40,model,5,0.9051767642523576,2020-01-02,2023-12-29,0.23927752121098303,0.31403673669432985,0.7619411783783937,1.0300643416851447,-0.4993168042670867,1.5992191081541742
random_forest|no_volume_features|0.50,model,5,0.6603764453322916,2020-01-02,2023-12-29,0.19112820652200863,0.25195001051913385,0.758595747339704,0.9912103902859046,-0.3543061060610192,1.1446919640414204
logistic_regression|returns_only|0.65,model,5,0.03652732066901476,2020-01-02,2023-12-29,0.051555063608126235,0.06806748892154324,0.7574109817324134,0.5675985176340889,-0.054266170819294746,0.2285210987865105
logistic_regression|zscore_features|0.45,model,5,0.9731480396501702,2020-01-02,2023-12-29,0.25316611599963923,0.3359712026142574,0.7535351661978894,1.0016194325627072,-0.48225788681215165,1.747400547284066
random_forest|returns_only|0.40,model,5,0.9191172556527138,2020-01-02,2023-12-29,0.23720189990742696,0.3163898971800702,0.74971388790087,1.0269978854367996,-0.4994619846333822,1.5777709300039673
gradient_boosting|zscore_features|0.45,model,5,0.7812394872983128,2020-01-02,2023-12-29,0.20523977597471882,0.2741925364024201,0.7485242985370602,1.0365606015402293,-0.43857211872237645,1.2689796040285688
xgboost|no_volume_features|0.40,model,5,0.8339596383772895,2020-01-02,2023-12-29,0.2193644540903627,0.2932040113122992,0.7481632093249637,0.9783114778057954,-0.4743689937773453,1.4005954929292654
xgboost|returns_only|0.50,model,5,0.6197604729835285,2020-01-02,2023-12-29,0.17242630252350444,0.23075721918436543,0.7472195371956836,1.0402566106601736,-0.3972869556048685,0.9904022368383605
gradient_boosting|returns_only|0.45,model,5,0.7578050455309073,2020-01-02,2023-12-29,0.19882395391521843,0.2670949063940743,0.7443944049680667,0.9605768049298238,-0.44696270777743974,1.211603565745687
gradient_boosting|returns_only|0.40,model,5,0.8367302830837389,2020-01-02,2023-12-29,0.21281259665257551,0.28691938194895944,0.7417156526931077,0.9869105078144866,-0.4358972018834383,1.3386209025561047
xgboost|all_features|0.45,model,5,0.7368724966624499,2020-01-02,2023-12-29,0.19201893032624506,0.26113091371358754,0.7353358803655642,1.0206344854865188,-0.4406994398105104,1.1523316901657834
gradient_boosting|all_features|0.55,model,5,0.4817086924027336,2020-01-02,2023-12-29,0.13992396576934732,0.19052758088559407,0.7344026787038636,0.9190004821610188,-0.27307029959725926,0.7481976718332326
logistic_regression|no_volume_features|0.40,model,5,0.9752578459110419,2020-01-02,2023-12-29,0.24499066041295028,0.3337645112118696,0.734022498447815,1.0023954706443101,-0.5213443612844555,1.6591812411441564
xgboost|returns_plus_volatility|0.45,model,5,0.7460156675262686,2020-01-02,2023-12-29,0.1974423913341712,0.2698714632849838,0.7316164107565252,0.9853518847369185,-0.3896541045540163,1.1994395155147277
xgboost|returns_only|0.45,model,5,0.7474669438189272,2020-01-02,2023-12-29,0.19476535460905745,0.266894263391341,0.7297472494696428,0.9949966879513121,-0.42013542020367134,1.1760594766808135
xgboost|zscore_features|0.65,model,5,0.19415637091510987,2020-01-02,2023-12-29,0.0776350270032826,0.1066518577935311,0.727929438918705,0.9608820907477794,-0.1654684059698548,0.3633214391452011
logistic_regression|no_volume_features|0.55,model,5,0.40783996886536295,2020-01-02,2023-12-29,0.13895017784606248,0.19101768684260398,0.7274204820653889,0.9195560977698815,-0.2308400340675979,0.741414879948024
random_forest|no_volume_features|0.70,model,5,0.04767638924195307,2020-01-02,2023-12-29,0.04229629822594616,0.058345976618491134,0.7249222770322354,0.7018200782958479,-0.04750643263730081,0.1839419517209533
xgboost|no_volume_features|0.45,model,5,0.7360789088829449,2020-01-02,2023-12-29,0.19419935788945578,0.2680386020563159,0.7245201116541182,0.9641519987891001,-0.439501646148756,1.1711482320750362
random_forest|all_features|0.65,model,5,0.10187697054182418,2020-01-02,2023-12-29,0.05411596482972733,0.07482262616152383,0.7232566885971651,0.7334017980585942,-0.05841807559940815,0.24114503336251736
random_forest|all_features|0.50,model,5,0.6766922167156707,2020-01-02,2023-12-29,0.1827408425322374,0.2528738029759381,0.7226562830220333,0.9188210945309414,-0.43205755185699557,1.074070384820272
random_forest|no_volume_features|0.55,model,5,0.45475272999225885,2020-01-02,2023-12-29,0.14453765219609163,0.20042213632958586,0.7211661089092748,0.9142780279627626,-0.24339456185453046,0.7806945495268485
xgboost|returns_plus_volatility|0.65,model,5,0.21625312652395623,2020-01-02,2023-12-29,0.09373620892724953,0.13048766503702272,0.718353025174097,0.8234842465673373,-0.1599627718729767,0.4538291918331241
always_long|baseline|0.00,always_long,5,1.0,2020-01-02,2023-12-29,0.24918279045055744,0.3471077578666374,0.7178830919310545,0.9527054613672284,-0.518545780450574,1.704057764620849
xgboost|returns_only|0.40,model,5,0.8429168499725922,2020-01-02,2023-12-29,0.21147530351839466,0.29515739266467766,0.7164831671983479,0.9747712012630219,-0.42923187040920074,1.3261693030300297
gradient_boosting|zscore_features|0.70,model,5,0.12186040779475735,2020-01-02,2023-12-29,0.062187647122042986,0.08740440924948427,0.711493249093837,0.8811598136425215,-0.18374821780971773,0.2817893555222766
logistic_regression|zscore_features|0.40,model,5,0.9932364075787945,2020-01-02,2023-12-29,0.2431981059184234,0.3443711707683243,0.7062092490954619,0.9277725850467721,-0.5163872710010073,1.640220087012148
random_forest|returns_only|0.70,model,5,0.04927791322944623,2020-01-02,2023-12-29,0.038261376884964546,0.054492990051480485,0.70213392307558,0.643609573910945,-0.05554398887294065,0.1650241842540492
random_forest|returns_plus_volatility|0.45,model,5,0.8077370593165327,2020-01-02,2023-12-29,0.19686597833059616,0.28775215883073896,0.6841511776333755,0.9111522280267069,-0.4830898951495378,1.1943842536602123
xgboost|returns_only|0.55,model,5,0.46708925005167856,2020-01-02,2023-12-29,0.12879256287480825,0.1892893476836091,0.6804004792180951,0.8828173625462401,-0.3333460211244341,0.6722133167314233
random_forest|zscore_features|0.40,model,5,0.8783439079118622,2020-01-02,2023-12-29,0.20729556634699772,0.3082823143236612,0.6724212084685502,0.8852626700197882,-0.4294872291427757,1.2876773894935285
gradient_boosting|all_features|0.50,model,5,0.6346115170411897,2020-01-02,2023-12-29,0.15431542220989009,0.22952014550624195,0.6723393359198327,0.855799918783545,-0.38326439178948746,0.8515756203127014
random_forest|returns_only|0.50,model,5,0.6566223006837072,2020-01-02,2023-12-29,0.16942165878226936,0.2566131843327659,0.660221957117254,0.8441056684752497,-0.4211927675213597,0.9666705145441736
logistic_regression|all_features|0.55,model,5,0.42835269242373003,2020-01-02,2023-12-29,0.12334767143820777,0.18704709425289945,0.6594471404695224,0.8441073119572718,-0.2607747543054121,0.6362576866911052
gradient_boosting|returns_plus_volatility|0.45,model,5,0.7571639637572428,2020-01-02,2023-12-29,0.16863917703966577,0.2577024170674075,0.6543950148343182,0.8605030190975114,-0.49554147753898725,0.9605367778377885
gradient_boosting|all_features|0.70,model,5,0.13830369091424002,2020-01-02,2023-12-29,0.06914705328445364,0.10648325389228767,0.6493702132205579,0.6610035750140361,-0.13491462813439814,0.31789982384018134
xgboost|zscore_features|0.40,model,5,0.8583836910092236,2020-01-02,2023-12-29,0.1982531307578048,0.30767307429412905,0.6443629531529267,0.8462004751270014,-0.5432432069610389,1.2065695847473537
gradient_boosting|returns_plus_volatility|0.40,model,5,0.8355406349506298,2020-01-02,2023-12-29,0.17946789255306714,0.2794065016209686,0.6423182406704548,0.8462908914787198,-0.48600570106717356,1.0471472156659343
xgboost|returns_plus_volatility|0.40,model,5,0.8359209282201141,2020-01-02,2023-12-29,0.1896204307565932,0.29544665028541117,0.6418093776775389,0.8436421598285735,-0.4423788829608821,1.1318215434397958
gradient_boosting|no_volume_features|0.40,model,5,0.8472582267204475,2020-01-02,2023-12-29,0.18409361787348327,0.2886740128737423,0.6377214770419967,0.8286891659438321,-0.4809289577388649,1.085301420594858
xgboost|all_features|0.50,model,5,0.6091565521588906,2020-01-02,2023-12-29,0.14301109786864644,0.22794459059265895,0.6273941289715,0.8293425626083709,-0.41614567247878265,0.7698758143875404
logistic_regression|no_volume_features|0.65,model,5,0.03571473563678656,2020-01-02,2023-12-29,0.04584461544938189,0.07315842752740595,0.62664845321078,0.4316939613627864,-0.0821364119960869,0.20083195888398797
xgboost|no_volume_features|0.60,model,5,0.33654907037262827,2020-01-02,2023-12-29,0.10199351054334385,0.1646743443664603,0.6193649103977679,0.7383883063115513,-0.3325122548165115,0.5025513599942775
xgboost|returns_plus_volatility|0.60,model,5,0.3313681805558993,2020-01-02,2023-12-29,0.09690396380774603,0.16206131337683924,0.5979463067932592,0.7490020333895506,-0.2483821610517175,0.47233087778795735
gradient_boosting|no_volume_features|0.45,model,5,0.7651402107736942,2020-01-02,2023-12-29,0.1541732621926255,0.264344365311843,0.5832288575954689,0.7638620535773608,-0.46304704774254657,0.8505251273836627
logistic_regression|all_features|0.60,model,5,0.1647106088226303,2020-01-02,2023-12-29,0.06956062473476302,0.12065052810427314,0.5765463759482653,0.636857635824474,-0.12190327694716407,0.32007747820918375
xgboost|returns_plus_volatility|0.50,model,5,0.6164737180520655,2020-01-02,2023-12-29,0.13648414192703562,0.23715541668557324,0.5755050583895783,0.7478602982527787,-0.39784229118379466,0.7243555047456798
xgboost|all_features|0.55,model,5,0.4788021743254724,2020-01-02,2023-12-29,0.11325452264230325,0.19719827444942625,0.5743180205734948,0.71190284720273,-0.37940361081445273,0.5716393477762023
gradient_boosting|returns_only|0.50,model,5,0.6487987370175488,2020-01-02,2023-12-29,0.1358199254947279,0.23696040152983855,0.5731756218248355,0.7633222714663384,-0.4552749645704429,0.7197892703175761
random_forest|zscore_features|0.65,model,5,0.17485765064467645,2020-01-02,2023-12-29,0.0580313844297414,0.10307276019977836,0.5630137809180954,0.6427957583235759,-0.2658971742322972,0.2606972881373535
xgboost|zscore_features|0.70,model,5,0.10675781679105774,2020-01-02,2023-12-29,0.04160098930522751,0.07421393271185062,0.5605549764725591,0.5925327688226668,-0.12140919008722195,0.18066022018120886
random_forest|zscore_features|0.70,model,5,0.08147512048549636,2020-01-02,2023-12-29,0.033143824702439185,0.059399014376524256,0.5579861054990556,0.5671299529084348,-0.11886022850900879,0.14146468892199926
gradient_boosting|no_volume_features|0.60,model,5,0.33427635482288176,2020-01-02,2023-12-29,0.08776294772501728,0.1598289144847298,0.5491055733435656,0.6922902806569252,-0.3135142268193074,0.41957177547924807
gradient_boosting|returns_plus_volatility|0.50,model,5,0.6469529435554726,2020-01-02,2023-12-29,0.12644899634020423,0.23096398165147441,0.5474836181643954,0.7067074420117605,-0.48866065692198346,0.656641602247318
xgboost|no_volume_features|0.50,model,5,0.6101552601314424,2020-01-02,2023-12-29,0.12724897078791436,0.23479059649115117,0.5419679181772944,0.7104926210292809,-0.40043813209621715,0.6619406248671584
gradient_boosting|no_volume_features|0.50,model,5,0.6431633269669299,2020-01-02,2023-12-29,0.12511629141842925,0.23171161137656332,0.5399655661411721,0.6989240653870736,-0.4121705294790474,0.647851270998075
logistic_regression|returns_only|0.55,model,5,0.38284779764185617,2020-01-02,2023-12-29,0.10500226596807198,0.19484606788744283,0.5388985628836446,0.6605481496231367,-0.3404856963254721,0.5207075387228857
gradient_boosting|all_features|0.65,model,5,0.21857019808338013,2020-01-02,2023-12-29,0.06729602849770532,0.12611015817767332,0.5336289278369922,0.6034551752656024,-0.16356492664004363,0.3081972161292654
logistic_regression|returns_plus_volatility|0.70,model,5,0.01209626641810948,2020-01-02,2023-12-29,0.02716387861186982,0.0512958763136982,0.5295528717698483,0.3585691028038798,-0.05198785005742923,0.11453795412514989
xgboost|zscore_features|0.60,model,5,0.3162079824250273,2020-01-02,2023-12-29,0.07431245434678067,0.1451943172474777,0.511813793787247,0.6952152605793855,-0.2398305029053075,0.3453578484630768
gradient_boosting|returns_plus_volatility|0.65,model,5,0.2156137010150002,2020-01-02,2023-12-29,0.060494889136672454,0.1203709782751675,0.5025703870112397,0.5818055046364331,-0.19302810318627583,0.273156739885688
xgboost|zscore_features|0.45,model,5,0.7712253526080133,2020-01-02,2023-12-29,0.1421247434887753,0.28362674871862475,0.5010978129914391,0.6505879739976334,-0.5300216155119253,0.7636243824654825
gradient_boosting|no_volume_features|0.55,model,5,0.48450952008516535,2020-01-02,2023-12-29,0.10113990956749043,0.20236663440450045,0.49978550004111333,0.6307620941889783,-0.38166097551539746,0.4974399358319599
xgboost|no_volume_features|0.65,model,5,0.21585772543179438,2020-01-02,2023-12-29,0.06478744451297956,0.13042563160827242,0.4967385912882965,0.5334394311581956,-0.23703407342227034,0.2951617514994629
gradient_boosting|all_features|0.60,model,5,0.3356533799053113,2020-01-02,2023-12-29,0.07892038902438517,0.1607259700078647,0.491024499777624,0.6041350519478512,-0.2188462951634652,0.3703349565709564
gradient_boosting|zscore_features|0.50,model,5,0.6625859308234157,2020-01-02,2023-12-29,0.11986120845516292,0.2468288366518155,0.48560455934183616,0.639064611881404,-0.4469414883161824,0.6136417068234907
logistic_regression|no_volume_features|0.60,model,5,0.12188042552170389,2020-01-02,2023-12-29,0.056419516678642326,0.11787584096131952,0.47863511486765264,0.47378710590558454,-0.09842556477478226,0.25261115027332837
gradient_boosting|zscore_features|0.65,model,5,0.1977002450827845,2020-01-02,2023-12-29,0.05376040685823217,0.113742277083406,0.4726510514538955,0.6087320080899739,-0.25635014947104484,0.23938458938549978
xgboost|zscore_features|0.50,model,5,0.6461087432689718,2020-01-02,2023-12-29,0.11637598175060006,0.24680528975232707,0.47152952786135643,0.5943369965595636,-0.47110586731531745,0.5913461736168344
gradient_boosting|returns_only|0.70,model,5,0.1254191176319879,2020-01-02,2023-12-29,0.04577406147422928,0.09930889783845734,0.4609260848779986,0.4796229502330404,-0.1385215088407472,0.20049378504628068
logistic_regression|returns_plus_volatility|0.60,model,5,0.11635005937727225,2020-01-02,2023-12-29,0.05447033772897997,0.1184696458246194,0.4597830722784214,0.4533377611091046,-0.09162000281762273,0.24290209786645667
logistic_regression|returns_only|0.60,model,5,0.11299748998235053,2020-01-02,2023-12-29,0.05332701441874147,0.11614439246612399,0.4591441160992378,0.4364718632510692,-0.12449331349703796,0.23724214664481624
gradient_boosting|zscore_features|0.55,model,5,0.4766956685460929,2020-01-02,2023-12-29,0.0889246319909992,0.19500116946633092,0.4560210189219045,0.5831970241901734,-0.37151756898912625,0.4261703528966605
random_forest|zscore_features|0.45,model,5,0.7774838259109869,2020-01-02,2023-12-29,0.12632983243544044,0.2797873438756672,0.4515208968550746,0.5777543595161163,-0.48307612608816297,0.6558537088989995
logistic_regression|returns_plus_volatility|0.55,model,5,0.39879556131456356,2020-01-02,2023-12-29,0.08316161540307049,0.19265020710233677,0.4316715598384725,0.5324059384574515,-0.3257004169141354,0.3937339616052127
xgboost|no_volume_features|0.55,model,5,0.4785720974312174,2020-01-02,2023-12-29,0.08400349238122325,0.1995687665656689,0.42092504667348113,0.5403128559851205,-0.39128964598768523,0.3984259394723171
xgboost|returns_only|0.60,model,5,0.3089303417986252,2020-01-02,2023-12-29,0.06397689847823336,0.15351774550394862,0.4167394347032527,0.5074786599703155,-0.30291760868830464,0.29097770318424665
random_forest|zscore_features|0.50,model,5,0.63187805822947,2020-01-02,2023-12-29,0.0967092318858566,0.23318504496440842,0.4147317076042229,0.5468887734410547,-0.44385042457288426,0.47118675874328075
logistic_regression|zscore_features|0.60,model,5,0.05718133823948825,2020-01-02,2023-12-29,0.022929540503497586,0.05660971389034784,0.40504604117787557,0.2656303781148289,-0.07213008352051242,0.09585642574156727
logistic_regression|all_features|0.70,model,5,0.015659074599400254,2020-01-02,2023-12-29,0.018432971741593005,0.04635918379137208,0.39761208533234726,0.25957724038835617,-0.06013955534914872,0.07636066224839722
random_forest|zscore_features|0.55,model,5,0.470845005497803,2020-01-02,2023-12-29,0.07303586178913604,0.18935583074579065,0.3857069597565567,0.4950619613862117,-0.3507689256910709,0.33851902488023966
logistic_regression|returns_only|0.70,model,5,0.012493882303773175,2020-01-02,2023-12-29,0.01819119973596442,0.04812425120728557,0.37800483705418025,0.24956310679521432,-0.05197119589392685,0.07532229327373652
gradient_boosting|no_volume_features|0.65,model,5,0.21681196261443966,2020-01-02,2023-12-29,0.04876946744634417,0.1304611996808979,0.37382353960895687,0.42746021652006094,-0.28612732378639305,0.21493528320244026
gradient_boosting|returns_plus_volatility|0.70,model,5,0.13714231231170432,2020-01-02,2023-12-29,0.03739516544188453,0.10194459080788813,0.36681853490740596,0.35907240501865356,-0.15130216282507503,0.16100252172314566
xgboost|returns_only|0.70,model,5,0.10639955000251207,2020-01-02,2023-12-29,0.029420080626689802,0.08706030444487806,0.3379276102269666,0.3088844854736037,-0.1373520841946212,0.12462183199007515
random_forest|zscore_features|0.60,model,5,0.3151447345694704,2020-01-02,2023-12-29,0.047901973610017495,0.14731371762627274,0.32516981026534353,0.38283820086939924,-0.347467377982118,0.21073512935124894
gradient_boosting|returns_plus_volatility|0.60,model,5,0.3277103845362636,2020-01-02,2023-12-29,0.04858834362463223,0.15068551685399,0.3224486642051535,0.38906566965277656,-0.3101671215739331,0.2140571322892335
gradient_boosting|returns_plus_volatility|0.55,model,5,0.480906043883941,2020-01-02,2023-12-29,0.06011435487765701,0.19208568184110794,0.3129559387325039,0.40087899171757335,-0.35504776423774065,0.2712241342352615
logistic_regression|zscore_features|0.55,model,5,0.3619686580986425,2020-01-02,2023-12-29,0.052547224562081433,0.16838662725759065,0.31206293170595395,0.360492432205658,-0.33156040661027897,0.23339663677969336
xgboost|no_volume_features|0.70,model,5,0.12763472171918386,2020-01-02,2023-12-29,0.02912288307121487,0.09986949957365428,0.29160938219918275,0.26947040095600816,-0.13227426051776126,0.12328833641748838
gradient_boosting|returns_only|0.55,model,5,0.4819416231804071,2020-01-02,2023-12-29,0.05605995805995783,0.19237407916375573,0.2914111833758933,0.3768999495076207,-0.38577088194322073,0.25081446600619506
xgboost|returns_only|0.65,model,5,0.19002883998231307,2020-01-02,2023-12-29,0.026676494405405936,0.11768120016916575,0.22668441830180774,0.2437732182110442,-0.21687924736425734,0.1123715407607011
xgboost|zscore_features|0.55,model,5,0.47876032020984394,2020-01-02,2023-12-29,0.04283254095820161,0.19787383713777607,0.21646389223441434,0.2746064105261388,-0.4200526161175291,0.1864791487958013
gradient_boosting|zscore_features|0.60,model,5,0.3137687403844688,2020-01-02,2023-12-29,0.02984001055060054,0.1553508373047935,0.19208142722819943,0.24429635283179169,-0.3481011466053564,0.12650871444809453
gradient_boosting|returns_only|0.65,model,5,0.20627917501210416,2020-01-02,2023-12-29,0.02303422813541812,0.1274535927819363,0.18072639329067786,0.21615266751025916,-0.18592003719403905,0.09631450141392395
gradient_boosting|returns_only|0.60,model,5,0.31699021366069696,2020-01-02,2023-12-29,0.01068085877058004,0.15746826667399233,0.06782864253337276,0.08233957155119102,-0.2974092246564517,0.04356075311423635
logistic_regression|zscore_features|0.70,model,5,0.0,2020-01-02,2023-12-29,0.0,0.0,0.0,,0.0,0.0
