symbol,strategy,model,feature_set,threshold,folds,avg_exposure,avg_trade_count,avg_accuracy,avg_precision,avg_roc_auc,avg_sharpe_ratio,avg_sortino_ratio,avg_max_drawdown,avg_total_return
AAPL,always_long,baseline,baseline,0.0,4,1.0,0.0,0.5248497877490602,0.5248497877490602,0.5,0.9515765935720761,1.3938573102104777,-0.2382689702087489,0.35724915122649725
AAPL,long_flat,random_forest,returns_only,0.45,4,0.8866539661043386,46.25,0.5229011394037377,0.5266116768736986,0.49778333897474714,1.174957741160891,1.7070161958085996,-0.18905208178513416,0.4133402449896581
AAPL,sized_aggressive,random_forest,returns_only,0.45,4,0.7509061192022174,158.5,0.5229011394037377,0.5266116768736986,0.49778333897474714,0.9608487483347699,1.4060434464545513,-0.17581325804881512,0.27904123794001956
AAPL,sized_balanced,random_forest,returns_only,0.45,4,0.5958206029323949,188.75,0.5229011394037377,0.5266116768736986,0.49778333897474714,0.8159789671521089,1.2356790035607539,-0.15372823937800306,0.17074149847165512
AAPL,sized_linear,random_forest,returns_only,0.45,4,0.36179198297517057,245.5,0.5229011394037377,0.5266116768736986,0.49778333897474714,1.0812992526670433,1.6031206937986702,-0.08500926160234112,0.1293037774457179
AAPL,sized_near_full,random_forest,returns_only,0.45,4,0.8468650377160034,102.25,0.5229011394037377,0.5266116768736986,0.49778333897474714,1.0733711112636861,1.5250123879732644,-0.1862504933135566,0.3643296953646238
AAPL,volatility_adjusted_50,random_forest,returns_only_inverse_volatility,0.45,1,0.15614831146540145,954.0,,,,0.838457699522134,1.1629077145174405,-0.05529720440067576,0.19048238122018746
AAPL,volatility_adjusted_75,random_forest,returns_only_inverse_volatility,0.45,1,0.22033975410329526,856.0,,,,0.9074848604123019,1.274131276375164,-0.07529068247830384,0.30274104177408456
AAPL,volatility_adjusted_diversified_50,random_forest,returns_only_inverse_volatility,0.45,1,0.08844685459329027,225.0,,,,0.9889140398391152,1.400154287209439,-0.028942854071149937,0.127318778847076
AAPL,volatility_adjusted_diversified_75,random_forest,returns_only_inverse_volatility,0.45,1,0.13267028188993538,225.0,,,,0.9889140398391151,1.4001542872094386,-0.04309861579828689,0.19693374811817765
AAPL,volatility_adjusted_diversified_full,random_forest,returns_only_inverse_volatility,0.45,1,0.17689370918658054,225.0,,,,0.9889140398391152,1.400154287209439,-0.057048019340516176,0.2708476291412625
AAPL,volatility_adjusted_full,random_forest,returns_only_inverse_volatility,0.45,1,0.29378633880439364,856.0,,,,0.9074848604123018,1.2741312763751638,-0.09910610290577382,0.4228008870072515
AMZN,always_long,baseline,baseline,0.0,4,1.0,0.0,0.5178499447220217,0.5178499447220217,0.5,0.48136325495353144,0.7413734048852783,-0.272358319478445,0.25642963409556885
AMZN,long_flat,random_forest,returns_only,0.55,4,0.4639681739820316,109.75,0.5227665315899337,0.5470414138860802,0.5263446114982601,0.9628582634203499,1.259061935926184,-0.17457352296121909,0.2674516950773428
AMZN,sized_aggressive,random_forest,returns_only,0.55,4,0.33335835233631006,144.75,0.5227665315899337,0.5470414138860802,0.5263446114982601,0.8437593635333924,1.033997170065793,-0.1523131608306234,0.15112073539570856
AMZN,sized_balanced,random_forest,returns_only,0.55,4,0.23029975730430433,149.5,0.5227665315899337,0.5470414138860802,0.5263446114982601,0.790931239902295,0.9748453751504564,-0.11969333623167414,0.09349676575960975
AMZN,sized_linear,random_forest,returns_only,0.55,4,0.17289654642718258,171.25,0.5227665315899337,0.5470414138860802,0.5263446114982601,0.9202242918797274,1.1749617226443019,-0.08156975351446982,0.0773502713663152
AMZN,sized_near_full,random_forest,returns_only,0.55,4,0.41703596468008386,133.25,0.5227665315899337,0.5470414138860802,0.5263446114982601,0.9286995122346773,1.1948533444978873,-0.1659229058682371,0.22304511549313544
AMZN,volatility_adjusted_50,random_forest,returns_only_inverse_volatility,0.55,1,0.06056180669072124,688.0,,,,0.5702209709615272,0.5717581827876226,-0.09233830559651035,0.09614837178916247
AMZN,volatility_adjusted_75,random_forest,returns_only_inverse_volatility,0.55,1,0.08974820779070893,687.0,,,,0.6301523397449481,0.6578665200613362,-0.12581702674552286,0.15571540513177684
AMZN,volatility_adjusted_diversified_50,random_forest,returns_only_inverse_volatility,0.55,1,0.04516805879089393,521.0,,,,0.7367030718403826,0.8553498256208537,-0.04683795493965881,0.08263654222000283
AMZN,volatility_adjusted_diversified_75,random_forest,returns_only_inverse_volatility,0.55,1,0.06775208818634089,521.0,,,,0.7367030718403821,0.8553498256208532,-0.06942772208483483,0.1264813932123232
AMZN,volatility_adjusted_diversified_full,random_forest,returns_only_inverse_volatility,0.55,1,0.09033611758178786,521.0,,,,0.7367030718403826,0.8553498256208537,-0.0914821158563881,0.17210188255008396
AMZN,volatility_adjusted_full,random_forest,returns_only_inverse_volatility,0.55,1,0.11966427705427854,687.0,,,,0.6301523397449484,0.6578665200613364,-0.16413438931089874,0.21283355246092261
META,always_long,baseline,baseline,0.0,4,1.0,0.0,0.5168735968979343,0.5168735968979343,0.5,0.6369533097979468,1.5924804772054046,-0.35254318096244447,0.4364566057298051
META,long_flat,random_forest,returns_only,0.6,4,0.19780198448317277,58.0,0.5020313528494716,0.570045794962554,0.52062809991268,0.7765023973992677,0.6016102650146535,-0.15071738999692483,0.10982251647049285
META,sized_aggressive,random_forest,returns_only,0.6,4,0.1289674859130515,70.5,0.5020313528494716,0.570045794962554,0.52062809991268,0.8566064277792025,0.6613590907553852,-0.09913893144106267,0.09121432586981965
META,sized_balanced,random_forest,returns_only,0.6,4,0.08174522707213683,70.75,0.5020313528494716,0.570045794962554,0.52062809991268,0.9104664806623374,0.7422705011866056,-0.0672119814728745,0.07080587255451987
META,sized_linear,random_forest,returns_only,0.6,4,0.0695360033752507,78.5,0.5020313528494716,0.570045794962554,0.52062809991268,0.8549700771285196,0.6552570050383087,-0.057355028667953695,0.049761604299359385
META,sized_near_full,random_forest,returns_only,0.6,4,0.16897947500418053,67.0,0.5020313528494716,0.570045794962554,0.52062809991268,0.8219876910242532,0.6291387474514889,-0.12605266474158286,0.10787765628045881
META,volatility_adjusted_50,random_forest,returns_only_inverse_volatility,0.6,1,0.019622812964969785,315.0,,,,0.017327452385869337,0.009440118966890844,-0.07053087891148146,0.002425941697455025
META,volatility_adjusted_75,random_forest,returns_only_inverse_volatility,0.6,1,0.0292672307364448,315.0,,,,0.00376103969918446,0.0020359137425059563,-0.10367715801683863,0.000783978858456269
META,volatility_adjusted_diversified_50,random_forest,returns_only_inverse_volatility,0.6,1,0.017453071884231185,292.0,,,,0.2718533778989326,0.16740534774877577,-0.04325026746359284,0.02713690919973355
META,volatility_adjusted_diversified_75,random_forest,returns_only_inverse_volatility,0.6,1,0.026179607826346776,292.0,,,,0.2718533778989326,0.1674053477487757,-0.06416879129450781,0.04098028178405233
META,volatility_adjusted_diversified_full,random_forest,returns_only_inverse_volatility,0.6,1,0.03490614376846237,292.0,,,,0.2718533778989326,0.16740534774877577,-0.08462994929151324,0.05501023024038143
META,volatility_adjusted_full,random_forest,returns_only_inverse_volatility,0.6,1,0.03902297431525972,315.0,,,,0.003761039699184627,0.002035913742506047,-0.13579000354303983,0.0010454417036764863
MSFT,always_long,baseline,baseline,0.0,4,1.0,0.0,0.525798498583619,0.525798498583619,0.5,0.9546098881752746,1.4954887583465641,-0.2134347446458393,0.3159884936456937
MSFT,long_flat,random_forest,returns_only,0.4,4,0.9107401993756575,29.0,0.5218104816445368,0.527476095812853,0.5196496609527288,1.0130188269708715,1.4508196512274858,-0.19423159368471188,0.3470824279248683
MSFT,sized_aggressive,random_forest,returns_only,0.4,4,0.8413548494084394,98.75,0.5218104816445368,0.527476095812853,0.5196496609527288,0.9382904810708839,1.2949863447038403,-0.18844195630280533,0.3100531700273529
MSFT,sized_balanced,random_forest,returns_only,0.4,4,0.7411497654216561,144.75,0.5218104816445368,0.527476095812853,0.5196496609527288,0.8939652998740939,1.1980058311848538,-0.1792966960236591,0.27143453520010163
MSFT,sized_linear,random_forest,returns_only,0.4,4,0.4245049601376253,242.25,0.5218104816445368,0.527476095812853,0.5196496609527288,1.0316707519602475,1.4387530910183148,-0.09579551983313003,0.16435703680363262
MSFT,sized_near_full,random_forest,returns_only,0.4,4,0.892086284981162,59.0,0.5218104816445368,0.527476095812853,0.5196496609527288,0.9654801872338619,1.3523959657166498,-0.19306455451586454,0.32957980575369905
MSFT,volatility_adjusted_50,random_forest,returns_only_inverse_volatility,0.4,1,0.1634977859813165,958.0,,,,0.28497058516143803,0.33647289906165445,-0.1134034006583764,0.06411993419442519
MSFT,volatility_adjusted_75,random_forest,returns_only_inverse_volatility,0.4,1,0.23163986490112987,860.0,,,,0.467489158257181,0.5838274858764797,-0.13536397739308847,0.15025718652100828
MSFT,volatility_adjusted_diversified_50,random_forest,returns_only_inverse_volatility,0.4,1,0.09096382395163634,132.0,,,,0.8363994379536671,1.1171817870603595,-0.036505496939838955,0.10676950165629795
MSFT,volatility_adjusted_diversified_75,random_forest,returns_only_inverse_volatility,0.4,1,0.13644573592745446,132.0,,,,0.836399437953667,1.117181787060359,-0.054255418200689354,0.16435597114301936
MSFT,volatility_adjusted_diversified_full,random_forest,returns_only_inverse_volatility,0.4,1,0.18192764790327268,132.0,,,,0.8363994379536671,1.1171817870603595,-0.07167834257285366,0.22493872979653018
MSFT,volatility_adjusted_full,random_forest,returns_only_inverse_volatility,0.4,1,0.3088531532015065,860.0,,,,0.46748915825718135,0.58382748587648,-0.17628349721551628,0.2052022683796053
NVDA,always_long,baseline,baseline,0.0,4,1.0,0.0,0.5426915590039616,0.5426915590039616,0.5,1.169156121916875,2.1009194090609524,-0.3572990758028381,1.0929041492798552
NVDA,long_flat,random_forest,returns_only,0.45,4,0.760402762624138,82.25,0.5576200043292543,0.5657174599605276,0.5323547406516179,1.6811382498926473,2.7905824151159266,-0.2537347884683576,1.2918951206725275
NVDA,sized_aggressive,random_forest,returns_only,0.45,4,0.6416682931365072,166.5,0.5576200043292543,0.5657174599605276,0.5323547406516179,1.5703385474166907,2.412048875467018,-0.22184451549904036,0.8990215840077823
NVDA,sized_balanced,random_forest,returns_only,0.45,4,0.5097285337913045,190.5,0.5576200043292543,0.5657174599605276,0.5323547406516179,1.4699407269490052,2.1417607342463936,-0.19291541144799793,0.6260042411846748
NVDA,sized_linear,random_forest,returns_only,0.45,4,0.31394482704559123,231.75,0.5576200043292543,0.5657174599605276,0.5323547406516179,1.5642475746400986,2.450034760516856,-0.1271949588926453,0.3437931162966447
NVDA,sized_near_full,random_forest,returns_only,0.45,4,0.7246394077682619,127.25,0.5576200043292543,0.5657174599605276,0.5323547406516179,1.630541748692231,2.654525490086823,-0.2466409279808036,1.1284602283264418
NVDA,volatility_adjusted_50,random_forest,returns_only_inverse_volatility,0.45,1,0.08170726293861598,930.0,,,,1.2261620572127838,1.580162410368021,-0.07068017818344008,0.2910568424541027
NVDA,volatility_adjusted_75,random_forest,returns_only_inverse_volatility,0.45,1,0.12103320365873733,923.0,,,,1.2603071236861498,1.6630530579351543,-0.1028257907033795,0.46612184802283796
NVDA,volatility_adjusted_diversified_50,random_forest,returns_only_inverse_volatility,0.45,1,0.06796174719374148,743.0,,,,1.5073838591322106,2.162504607283909,-0.058934513515099485,0.281936697286584
NVDA,volatility_adjusted_diversified_75,random_forest,returns_only_inverse_volatility,0.45,1,0.10194262079061225,743.0,,,,1.5073838591322104,2.1625046072839087,-0.0870862065774951,0.45144261506449945
NVDA,volatility_adjusted_diversified_full,random_forest,returns_only_inverse_volatility,0.45,1,0.13592349438748297,743.0,,,,1.5073838591322106,2.162504607283909,-0.11439575014693759,0.643361695850035
NVDA,volatility_adjusted_full,random_forest,returns_only_inverse_volatility,0.45,1,0.16137760487831648,923.0,,,,1.2603071236861503,1.6630530579351546,-0.1346953435088183,0.6655592528802086
